sample_id	paired_reads
SRS12879016	33139352
SRS12879020	39621078
SRS12879050	20688926
SRS12879081	15364373
SRS12879089	15347615
SRS12879092	14630206
SRS12879094	12447871
SRS12879096	13296724
SRS12879160	12830805
SRS12879187	14707153
SRS12879194	14138524
SRS12879206	14880861
SRS12879226	33358613
SRS12879252	30434666
SRS12879259	38622512
SRS12879302	19487249
SRS12879374	14905771
SRS12879422	27100665
SRS12879442	19603544
SRS12879532	18922515
SRS12879532	18922515
sample_id	paired_reads
ERS436645	17273781
ERS436647	40124645
ERS436655	16937208
ERS436658	13841532
ERS436659	28152569
ERS436660	33988310
ERS436664	18698919
ERS436666	5524315
ERS436669	27266238
ERS436718	21980817
ERS436722	40868504
ERS436738	43739913
ERS436739	6691330
ERS436742	4091678
ERS436767	13987467
ERS436771	30981719
ERS436772	32982207
ERS436785	31171069
ERS436788	29912876
ERS436791	27633636
ERS436839	58123160
ERS436841	64565677
